City,StationId,Year,AvgMinJanuaryTemp,TenYearMA,Samples
Chelyabinsk,28748,1936,-18.91,-18.91,1
Chelyabinsk,28748,1937,-20.97,-19.94,2
Chelyabinsk,28748,1938,-26.20,-22.03,3
Chelyabinsk,28748,1939,-23.22,-22.32,4
Chelyabinsk,28748,1940,-28.78,-23.62,5
Chelyabinsk,28748,1941,-23.28,-23.56,6
Chelyabinsk,28748,1942,-24.10,-23.64,7
Chelyabinsk,28748,1943,-25.11,-23.82,8
Chelyabinsk,28748,1944,-15.52,-22.90,9
Chelyabinsk,28748,1945,-22.40,-22.85,10
Chelyabinsk,28748,1946,-18.94,-22.85,10
Chelyabinsk,28748,1947,-22.94,-23.05,10
Chelyabinsk,28748,1948,-14.67,-21.90,10
Chelyabinsk,28748,1950,-28.35,-21.70,9
Chelyabinsk,28748,1951,-24.22,-21.80,9
Chelyabinsk,28748,1952,-20.51,-21.41,9
Chelyabinsk,28748,1953,-21.28,-20.98,9
Chelyabinsk,28748,1954,-26.92,-22.25,9
Chelyabinsk,28748,1955,-17.18,-21.67,9
Chelyabinsk,28748,1956,-23.62,-22.19,9
Chelyabinsk,28748,1957,-21.50,-22.03,9
Chelyabinsk,28748,1958,-19.15,-22.53,9
Chelyabinsk,28748,1959,-18.30,-22.10,10
Chelyabinsk,28748,1960,-19.15,-21.18,10
Chelyabinsk,28748,1961,-18.00,-20.56,10
Chelyabinsk,28748,1962,-16.60,-20.17,10
Chelyabinsk,28748,1963,-18.04,-19.85,10
Chelyabinsk,28748,1964,-19.06,-19.06,10
Chelyabinsk,28748,1965,-17.97,-19.14,10
Chelyabinsk,28748,1966,-22.23,-19.00,10
Chelyabinsk,28748,1967,-21.32,-18.98,10
Chelyabinsk,28748,1968,-20.16,-19.08,10
Chelyabinsk,28748,1969,-31.87,-20.44,10
Chelyabinsk,28748,1970,-20.84,-20.61,10
Chelyabinsk,28748,1971,-13.85,-20.19,10
Chelyabinsk,28748,1972,-30.38,-21.57,10
Chelyabinsk,28748,1973,-25.87,-22.36,10
Chelyabinsk,28748,1974,-25.27,-22.98,10
Chelyabinsk,28748,1975,-16.18,-22.80,10
Chelyabinsk,28748,1976,-18.03,-22.38,10
Chelyabinsk,28748,1977,-27.29,-22.97,10
Chelyabinsk,28748,1978,-16.71,-22.63,10
Chelyabinsk,28748,1979,-23.70,-21.81,10
Chelyabinsk,28748,1980,-23.04,-22.03,10
Chelyabinsk,28748,1981,-19.23,-22.57,10
Chelyabinsk,28748,1982,-18.39,-21.37,10
Chelyabinsk,28748,1983,-13.65,-20.15,10
Chelyabinsk,28748,1984,-19.53,-19.57,10
Chelyabinsk,28748,1985,-19.00,-19.86,10
Chelyabinsk,28748,1986,-17.53,-19.81,10
Chelyabinsk,28748,1987,-23.14,-19.39,10
Chelyabinsk,28748,1988,-20.73,-19.79,10
Chelyabinsk,28748,1989,-19.71,-19.40,10
Chelyabinsk,28748,1990,-19.43,-19.03,10
Chelyabinsk,28748,1991,-16.08,-18.72,10
Chelyabinsk,28748,1992,-16.05,-18.49,10
Chelyabinsk,28748,1993,-15.33,-18.65,10
Chelyabinsk,28748,1994,-17.44,-18.44,10
Chelyabinsk,28748,1995,-20.24,-18.57,10
Chelyabinsk,28748,1996,-23.34,-19.15,10
Chelyabinsk,28748,1997,-22.90,-19.12,10
Chelyabinsk,28748,1998,-17.48,-18.80,10
Chelyabinsk,28748,1999,-16.65,-18.49,10
Chelyabinsk,28748,2000,-17.85,-18.34,10
Chelyabinsk,28748,2001,-17.26,-18.45,10
Chelyabinsk,28748,2002,-13.38,-18.19,10
Chelyabinsk,28748,2003,-17.36,-18.39,10
Chelyabinsk,28748,2004,-16.60,-18.31,10
Chelyabinsk,28748,2005,-20.08,-18.29,10
Chelyabinsk,28748,2006,-26.49,-18.61,10
Chelyabinsk,28748,2007,-10.63,-17.38,10
Chelyabinsk,28748,2008,-22.26,-17.86,10
Chelyabinsk,28748,2009,-17.23,-17.91,10
Chelyabinsk,28748,2010,-25.25,-18.65,10
Kazan,27595,1890,-14.46,-14.46,1
Kazan,27595,1891,-25.18,-19.82,2
Kazan,27595,1892,-20.66,-20.10,3
Kazan,27595,1893,-24.45,-21.19,4
Kazan,27595,1894,-14.10,-19.77,5
Kazan,27595,1895,-15.49,-19.06,6
Kazan,27595,1896,-22.54,-19.55,7
Kazan,27595,1897,-15.98,-19.11,8
Kazan,27595,1898,-14.44,-18.59,9
Kazan,27595,1899,-11.16,-17.85,10
Kazan,27595,1900,-21.87,-18.59,10
Kazan,27595,1901,-15.28,-17.60,10
Kazan,27595,1902,-17.44,-17.27,10
Kazan,27595,1903,-14.00,-16.23,10
Kazan,27595,1904,-14.98,-16.32,10
Kazan,27595,1905,-18.71,-16.64,10
Kazan,27595,1906,-15.52,-15.94,10
Kazan,27595,1907,-20.47,-16.39,10
Kazan,27595,1908,-19.58,-16.90,10
Kazan,27595,1909,-17.56,-17.54,10
Kazan,27595,1910,-13.53,-16.71,10
Kazan,27595,1911,-19.44,-17.12,10
Kazan,27595,1912,-18.30,-17.21,10
Kazan,27595,1913,-14.71,-17.28,10
Kazan,27595,1914,-15.26,-17.31,10
Kazan,27595,1915,-11.07,-16.54,10
Kazan,27595,1916,-13.76,-16.37,10
Kazan,27595,1917,-15.00,-15.82,10
Kazan,27595,1918,-14.67,-15.33,10
Kazan,27595,1919,-18.52,-15.43,10
Kazan,27595,1920,-16.34,-15.71,10
Kazan,27595,1921,-15.66,-15.33,10
Kazan,27595,1922,-15.17,-15.02,10
Kazan,27595,1923,-14.88,-15.03,10
Kazan,27595,1926,-16.37,-15.83,8
Kazan,27595,1927,-21.30,-16.61,8
Kazan,27595,1928,-14.52,-16.60,8
Kazan,27595,1929,-19.43,-16.71,8
Kazan,27595,1930,-12.62,-16.24,8
Kazan,27595,1931,-19.30,-16.70,8
Kazan,27595,1932,-10.26,-16.09,8
Kazan,27595,1933,-19.83,-16.70,8
Kazan,27595,1934,-15.34,-16.55,9
Kazan,27595,1935,-16.77,-16.57,10
Kazan,27595,1936,-12.27,-16.16,10
Kazan,27595,1937,-17.06,-15.74,10
Kazan,27595,1938,-15.22,-15.81,10
Kazan,27595,1939,-17.97,-15.66,10
Kazan,27595,1940,-24.83,-16.89,10
Kazan,27595,1941,-20.46,-17.00,10
Kazan,27595,1942,-25.23,-18.50,10
Kazan,27595,1944,-8.47,-17.59,9
Kazan,27595,1945,-17.57,-17.68,9
Kazan,27595,1946,-14.77,-17.95,9
Kazan,27595,1947,-17.98,-18.06,9
Kazan,27595,1948,-15.21,-18.06,9
Kazan,27595,1949,-8.69,-17.02,9
Kazan,27595,1950,-22.98,-16.82,9
Kazan,27595,1951,-18.99,-16.66,9
Kazan,27595,1952,-14.30,-15.44,9
Kazan,27595,1953,-17.55,-15.65,10
Kazan,27595,1954,-23.34,-17.14,10
Kazan,27595,1955,-14.04,-16.79,10
Kazan,27595,1956,-18.78,-17.19,10
Kazan,27595,1957,-15.85,-16.97,10
Kazan,27595,1958,-11.60,-16.61,10
Kazan,27595,1959,-11.21,-16.86,10
Kazan,27595,1960,-16.83,-16.25,10
Kazan,27595,1961,-13.03,-15.65,10
Kazan,27595,1962,-13.41,-15.56,10
Kazan,27595,1963,-22.74,-16.08,10
Kazan,27595,1964,-17.55,-15.50,10
Kazan,27595,1965,-17.50,-15.85,10
Kazan,27595,1966,-16.12,-15.58,10
Kazan,27595,1967,-19.68,-15.97,10
Kazan,27595,1968,-20.51,-16.86,10
Kazan,27595,1969,-24.95,-18.23,10
Kazan,27595,1970,-18.58,-18.41,10
Kazan,27595,1971,-9.43,-18.05,10
Kazan,27595,1972,-25.37,-19.24,10
Kazan,27595,1973,-18.40,-18.81,10
Kazan,27595,1974,-19.49,-19.00,10
Kazan,27595,1975,-11.02,-18.36,10
Kazan,27595,1976,-17.58,-18.50,10
Kazan,27595,1977,-19.73,-18.51,10
Kazan,27595,1978,-11.44,-17.60,10
Kazan,27595,1979,-19.87,-17.09,10
Kazan,27595,1981,-10.62,-17.06,9
Kazan,27595,1982,-18.24,-16.27,9
Kazan,27595,1983,-8.75,-15.19,9
Kazan,27595,1984,-11.95,-14.35,9
Kazan,27595,1985,-14.70,-14.76,9
Kazan,27595,1986,-14.40,-14.41,9
Kazan,27595,1987,-23.64,-14.84,9
Kazan,27595,1988,-16.52,-15.41,9
Kazan,27595,1989,-13.29,-14.68,9
Kazan,27595,1990,-14.89,-14.70,10
Kazan,27595,1991,-13.61,-15.00,10
Kazan,27595,1992,-12.85,-14.46,10
Kazan,27595,1993,-10.88,-14.67,10
Kazan,27595,1994,-10.66,-14.54,10
Kazan,27595,1995,-13.02,-14.37,10
Kazan,27595,1996,-17.36,-14.67,10
Kazan,27595,1997,-18.41,-14.15,10
Kazan,27595,1998,-12.97,-13.79,10
Kazan,27595,1999,-12.70,-13.73,10
Kazan,27595,2000,-11.23,-13.37,10
Kazan,27595,2001,-7.65,-12.77,10
Kazan,27595,2002,-10.53,-12.54,10
Kazan,27595,2003,-13.92,-12.84,10
Kazan,27595,2004,-10.80,-12.86,10
Kazan,27595,2005,-10.06,-12.56,10
Kazan,27595,2006,-19.04,-12.73,10
Kazan,27595,2007,-5.51,-11.44,10
Kazan,27595,2008,-14.10,-11.55,10
Kazan,27595,2009,-13.19,-11.60,10
Kazan,27595,2010,-19.75,-12.45,10
Krasnoyarsk,29570,1915,-31.04,-31.04,1
Krasnoyarsk,29570,1916,-20.40,-25.72,2
Krasnoyarsk,29570,1917,-21.43,-24.29,3
Krasnoyarsk,29570,1918,-14.82,-21.92,4
Krasnoyarsk,29570,1919,-28.96,-23.33,5
Krasnoyarsk,29570,1920,-21.69,-23.06,6
Krasnoyarsk,29570,1921,-14.21,-21.79,7
Krasnoyarsk,29570,1923,-21.06,-21.70,8
Krasnoyarsk,29570,1925,-14.48,-19.63,8
Krasnoyarsk,29570,1926,-17.25,-19.24,8
Krasnoyarsk,29570,1927,-22.64,-19.39,8
Krasnoyarsk,29570,1928,-19.50,-19.97,8
Krasnoyarsk,29570,1929,-23.05,-19.24,8
Krasnoyarsk,29570,1930,-20.31,-19.06,8
Krasnoyarsk,29570,1931,-24.45,-20.34,8
Krasnoyarsk,29570,1932,-14.49,-19.69,9
Krasnoyarsk,29570,1933,-28.69,-20.54,9
Krasnoyarsk,29570,1934,-16.83,-20.17,10
Krasnoyarsk,29570,1935,-21.01,-20.82,10
Krasnoyarsk,29570,1936,-22.34,-21.33,10
Krasnoyarsk,29570,1937,-22.43,-21.31,10
Krasnoyarsk,29570,1938,-24.98,-21.86,10
Krasnoyarsk,29570,1939,-20.21,-21.57,10
Krasnoyarsk,29570,1940,-32.22,-22.77,10
Krasnoyarsk,29570,1941,-20.51,-22.37,10
Krasnoyarsk,29570,1942,-22.50,-23.17,10
Krasnoyarsk,29570,1943,-21.92,-22.49,10
Krasnoyarsk,29570,1944,-18.65,-22.68,10
Krasnoyarsk,29570,1945,-22.07,-22.78,10
Krasnoyarsk,29570,1946,-15.84,-22.13,10
Krasnoyarsk,29570,1947,-29.40,-22.83,10
Krasnoyarsk,29570,1948,-17.87,-22.12,10
Krasnoyarsk,29570,1949,-14.68,-21.57,10
Krasnoyarsk,29570,1950,-23.98,-20.74,10
Krasnoyarsk,29570,1951,-22.54,-20.94,10
Krasnoyarsk,29570,1952,-16.19,-20.31,10
Krasnoyarsk,29570,1953,-21.40,-20.26,10
Krasnoyarsk,29570,1954,-20.40,-20.44,10
Krasnoyarsk,29570,1955,-17.65,-19.99,10
Krasnoyarsk,29570,1956,-22.73,-20.68,10
Krasnoyarsk,29570,1957,-18.10,-19.55,10
Krasnoyarsk,29570,1958,-19.53,-19.72,10
Krasnoyarsk,29570,1959,-18.97,-20.15,10
Krasnoyarsk,29570,1960,-22.68,-20.02,10
Krasnoyarsk,29570,1961,-19.50,-19.72,10
Krasnoyarsk,29570,1962,-13.54,-19.45,10
Krasnoyarsk,29570,1963,-19.89,-19.30,10
Krasnoyarsk,29570,1964,-12.21,-18.48,10
Krasnoyarsk,29570,1965,-20.02,-18.72,10
Krasnoyarsk,29570,1966,-26.11,-19.06,10
Krasnoyarsk,29570,1967,-20.31,-19.28,10
Krasnoyarsk,29570,1968,-22.75,-19.60,10
Krasnoyarsk,29570,1969,-29.73,-20.67,10
Krasnoyarsk,29570,1970,-20.31,-20.44,10
Krasnoyarsk,29570,1971,-15.16,-20.00,10
Krasnoyarsk,29570,1972,-23.63,-21.01,10
Krasnoyarsk,29570,1973,-18.03,-20.83,10
Krasnoyarsk,29570,1974,-23.89,-21.99,10
Krasnoyarsk,29570,1975,-14.39,-21.43,10
Krasnoyarsk,29570,1976,-19.02,-20.72,10
Krasnoyarsk,29570,1977,-27.15,-21.41,10
Krasnoyarsk,29570,1978,-13.89,-20.52,10
Krasnoyarsk,29570,1979,-26.87,-20.23,10
Krasnoyarsk,29570,1980,-21.74,-20.38,10
Krasnoyarsk,29570,1981,-20.89,-20.95,10
Krasnoyarsk,29570,1982,-23.85,-20.97,10
Krasnoyarsk,29570,1983,-13.69,-20.54,10
Krasnoyarsk,29570,1984,-19.79,-20.13,10
Krasnoyarsk,29570,1985,-17.43,-20.43,10
Krasnoyarsk,29570,1986,-18.06,-20.33,10
Krasnoyarsk,29570,1987,-22.32,-19.85,10
Krasnoyarsk,29570,1988,-19.99,-20.46,10
Krasnoyarsk,29570,1989,-15.23,-19.30,10
Krasnoyarsk,29570,1990,-21.29,-19.25,10
Krasnoyarsk,29570,1991,-17.07,-18.87,10
Krasnoyarsk,29570,1992,-11.34,-17.62,10
Krasnoyarsk,29570,1993,-16.63,-17.92,10
Krasnoyarsk,29570,1994,-17.40,-17.68,10
Krasnoyarsk,29570,1995,-15.97,-17.53,10
Krasnoyarsk,29570,1996,-21.58,-17.88,10
Krasnoyarsk,29570,1997,-16.74,-17.33,10
Krasnoyarsk,29570,1998,-22.70,-17.60,10
Krasnoyarsk,29570,1999,-22.52,-18.33,10
Krasnoyarsk,29570,2000,-24.37,-18.63,10
Krasnoyarsk,29570,2001,-26.08,-19.53,10
Krasnoyarsk,29570,2002,-9.25,-19.32,10
Krasnoyarsk,29570,2003,-14.87,-19.15,10
Krasnoyarsk,29570,2004,-17.85,-19.19,10
Krasnoyarsk,29570,2005,-16.49,-19.25,10
Krasnoyarsk,29570,2006,-28.19,-19.91,10
Krasnoyarsk,29570,2007,-11.59,-19.39,10
Krasnoyarsk,29570,2008,-24.23,-19.55,10
Krasnoyarsk,29570,2009,-19.76,-19.27,10
Krasnoyarsk,29570,2010,-28.20,-19.65,10
Moscow,27612,1949,-6.49,-6.49,1
Moscow,27612,1950,-21.62,-14.05,2
Moscow,27612,1951,-15.75,-14.62,3
Moscow,27612,1952,-6.72,-12.64,4
Moscow,27612,1953,-14.07,-12.93,5
Moscow,27612,1954,-17.75,-13.73,6
Moscow,27612,1955,-9.21,-13.09,7
Moscow,27612,1956,-13.93,-13.19,8
Moscow,27612,1957,-9.05,-12.73,9
Moscow,27612,1958,-9.99,-12.46,10
Moscow,27612,1959,-6.99,-12.51,10
Moscow,27612,1960,-12.13,-11.56,10
Moscow,27612,1961,-8.74,-10.86,10
Moscow,27612,1962,-7.89,-10.97,10
Moscow,27612,1963,-19.51,-11.52,10
Moscow,27612,1964,-12.52,-11.00,10
Moscow,27612,1965,-12.52,-11.33,10
Moscow,27612,1966,-12.99,-11.23,10
Moscow,27612,1967,-17.65,-12.09,10
Moscow,27612,1968,-18.69,-12.96,10
Moscow,27612,1969,-19.51,-14.22,10
Moscow,27612,1970,-14.03,-14.41,10
Moscow,27612,1971,-5.83,-14.12,10
Moscow,27612,1972,-18.17,-15.14,10
Moscow,27612,1973,-13.81,-14.57,10
Moscow,27612,1974,-13.35,-14.66,10
Moscow,27612,1975,-6.07,-14.01,10
Moscow,27612,1976,-15.29,-14.24,10
Moscow,27612,1977,-13.87,-13.86,10
Moscow,27612,1978,-10.17,-13.01,10
Moscow,27612,1979,-12.75,-12.34,10
Moscow,27612,1980,-14.50,-12.38,10
Moscow,27612,1981,-7.53,-12.55,10
Moscow,27612,1982,-13.65,-12.10,10
Moscow,27612,1983,-6.35,-11.35,10
Moscow,27612,1984,-6.65,-10.68,10
Moscow,27612,1985,-13.98,-11.47,10
Moscow,27612,1986,-9.73,-10.92,10
Moscow,27612,1987,-20.95,-11.63,10
Moscow,27612,1988,-9.28,-11.54,10
Moscow,27612,1989,-4.46,-10.71,10
Moscow,27612,1990,-8.31,-10.09,10
Moscow,27612,1991,-8.95,-10.23,10
Moscow,27612,1992,-8.20,-9.69,10
Moscow,27612,1993,-6.99,-9.75,10
Moscow,27612,1994,-5.88,-9.67,10
Moscow,27612,1995,-8.05,-9.08,10
Moscow,27612,1996,-12.71,-9.38,10
Moscow,27612,1997,-10.85,-8.37,10
Moscow,27612,1998,-6.72,-8.11,10
Moscow,27612,1999,-6.83,-8.35,10
Moscow,27612,2000,-8.00,-8.32,10
Moscow,27612,2001,-6.44,-8.07,10
Moscow,27612,2002,-7.29,-7.98,10
Moscow,27612,2003,-10.61,-8.34,10
Moscow,27612,2004,-8.77,-8.63,10
Moscow,27612,2005,-4.84,-8.30,10
Moscow,27612,2006,-13.63,-8.40,10
Moscow,27612,2007,-3.65,-7.68,10
Moscow,27612,2008,-7.98,-7.80,10
Moscow,27612,2009,-8.06,-7.93,10
Moscow,27612,2010,-17.90,-8.92,10
NizhniyNovgorod,27459,1893,-22.32,-22.32,1
NizhniyNovgorod,27459,1894,-13.51,-17.91,2
NizhniyNovgorod,27459,1895,-13.85,-16.56,3
NizhniyNovgorod,27459,1896,-19.55,-17.31,4
NizhniyNovgorod,27459,1897,-15.18,-16.88,5
NizhniyNovgorod,27459,1898,-13.77,-16.37,6
NizhniyNovgorod,27459,1899,-10.34,-15.50,7
NizhniyNovgorod,27459,1900,-17.75,-15.78,8
NizhniyNovgorod,27459,1901,-11.22,-15.28,9
NizhniyNovgorod,27459,1902,-14.81,-15.23,10
NizhniyNovgorod,27459,1903,-12.99,-14.30,10
NizhniyNovgorod,27459,1904,-12.76,-14.22,10
NizhniyNovgorod,27459,1905,-19.24,-14.76,10
NizhniyNovgorod,27459,1906,-12.75,-14.08,10
NizhniyNovgorod,27459,1907,-21.19,-14.68,10
NizhniyNovgorod,27459,1908,-18.21,-15.13,10
NizhniyNovgorod,27459,1909,-15.50,-15.64,10
NizhniyNovgorod,27459,1910,-13.00,-15.17,10
NizhniyNovgorod,27459,1911,-16.38,-15.68,10
NizhniyNovgorod,27459,1912,-20.13,-16.22,10
NizhniyNovgorod,27459,1913,-14.66,-16.38,10
NizhniyNovgorod,27459,1914,-16.15,-16.72,10
NizhniyNovgorod,27459,1915,-10.82,-15.88,10
NizhniyNovgorod,27459,1916,-10.55,-15.66,10
NizhniyNovgorod,27459,1917,-16.21,-15.16,10
NizhniyNovgorod,27459,1918,-13.54,-14.69,10
NizhniyNovgorod,27459,1919,-15.38,-14.68,10
NizhniyNovgorod,27459,1921,-15.02,-14.72,9
NizhniyNovgorod,27459,1923,-13.31,-13.87,8
NizhniyNovgorod,27459,1924,-14.15,-13.62,8
NizhniyNovgorod,27459,1925,-11.13,-13.66,8
NizhniyNovgorod,27459,1926,-16.06,-14.35,8
NizhniyNovgorod,27459,1927,-18.58,-14.65,8
NizhniyNovgorod,27459,1928,-12.35,-14.50,8
NizhniyNovgorod,27459,1929,-17.04,-14.71,8
NizhniyNovgorod,27459,1930,-9.67,-14.15,9
NizhniyNovgorod,27459,1931,-15.90,-14.24,9
NizhniyNovgorod,27459,1932,-9.02,-13.72,10
NizhniyNovgorod,27459,1933,-17.84,-14.17,10
NizhniyNovgorod,27459,1934,-12.18,-13.98,10
NizhniyNovgorod,27459,1936,-8.69,-13.47,9
NizhniyNovgorod,27459,1937,-15.40,-13.12,9
NizhniyNovgorod,27459,1938,-14.90,-13.40,9
NizhniyNovgorod,27459,1939,-14.77,-13.15,9
NizhniyNovgorod,27459,1940,-24.33,-14.78,9
NizhniyNovgorod,27459,1941,-19.45,-15.18,9
NizhniyNovgorod,27459,1942,-24.43,-16.89,9
NizhniyNovgorod,27459,1943,-18.23,-16.93,9
NizhniyNovgorod,27459,1944,-7.58,-16.42,9
NizhniyNovgorod,27459,1945,-15.65,-16.34,10
NizhniyNovgorod,27459,1946,-13.17,-16.79,10
NizhniyNovgorod,27459,1947,-14.61,-16.71,10
NizhniyNovgorod,27459,1948,-13.30,-16.55,10
NizhniyNovgorod,27459,1949,-7.43,-15.82,10
NizhniyNovgorod,27459,1950,-22.97,-15.68,10
NizhniyNovgorod,27459,1951,-16.10,-15.35,10
NizhniyNovgorod,27459,1952,-9.07,-13.81,10
NizhniyNovgorod,27459,1953,-14.84,-13.47,10
NizhniyNovgorod,27459,1954,-19.64,-14.68,10
NizhniyNovgorod,27459,1955,-11.22,-14.24,10
NizhniyNovgorod,27459,1956,-16.15,-14.53,10
NizhniyNovgorod,27459,1957,-12.52,-14.32,10
NizhniyNovgorod,27459,1958,-10.65,-14.06,10
NizhniyNovgorod,27459,1959,-9.76,-14.29,10
NizhniyNovgorod,27459,1960,-13.55,-13.35,10
NizhniyNovgorod,27459,1961,-11.13,-12.85,10
NizhniyNovgorod,27459,1962,-10.63,-13.01,10
NizhniyNovgorod,27459,1963,-21.65,-13.69,10
NizhniyNovgorod,27459,1964,-15.24,-13.25,10
NizhniyNovgorod,27459,1965,-15.71,-13.70,10
NizhniyNovgorod,27459,1966,-13.90,-13.47,10
NizhniyNovgorod,27459,1967,-18.83,-14.11,10
NizhniyNovgorod,27459,1968,-19.34,-14.97,10
NizhniyNovgorod,27459,1969,-21.21,-16.12,10
NizhniyNovgorod,27459,1970,-15.37,-16.30,10
NizhniyNovgorod,27459,1971,-7.60,-15.95,10
NizhniyNovgorod,27459,1972,-21.55,-17.04,10
NizhniyNovgorod,27459,1973,-17.17,-16.59,10
NizhniyNovgorod,27459,1974,-16.05,-16.67,10
NizhniyNovgorod,27459,1975,-8.76,-15.98,10
NizhniyNovgorod,27459,1976,-16.63,-16.25,10
NizhniyNovgorod,27459,1977,-16.14,-15.98,10
NizhniyNovgorod,27459,1978,-10.60,-15.11,10
NizhniyNovgorod,27459,1979,-16.41,-14.63,10
NizhniyNovgorod,27459,1980,-15.99,-14.69,10
NizhniyNovgorod,27459,1981,-8.81,-14.81,10
NizhniyNovgorod,27459,1982,-15.88,-14.24,10
NizhniyNovgorod,27459,1983,-7.96,-13.32,10
NizhniyNovgorod,27459,1984,-8.84,-12.60,10
NizhniyNovgorod,27459,1985,-14.82,-13.21,10
NizhniyNovgorod,27459,1986,-11.21,-12.67,10
NizhniyNovgorod,27459,1987,-23.24,-13.38,10
NizhniyNovgorod,27459,1988,-13.05,-13.62,10
NizhniyNovgorod,27459,1989,-9.09,-12.89,10
NizhniyNovgorod,27459,1990,-12.93,-12.58,10
NizhniyNovgorod,27459,1991,-11.59,-12.86,10
NizhniyNovgorod,27459,1992,-11.02,-12.37,10
NizhniyNovgorod,27459,1993,-9.33,-12.51,10
NizhniyNovgorod,27459,1994,-8.80,-12.51,10
NizhniyNovgorod,27459,1995,-9.86,-12.01,10
NizhniyNovgorod,27459,1996,-14.81,-12.37,10
NizhniyNovgorod,27459,1997,-15.89,-11.64,10
NizhniyNovgorod,27459,1998,-10.48,-11.38,10
NizhniyNovgorod,27459,1999,-10.25,-11.50,10
NizhniyNovgorod,27459,2000,-10.49,-11.25,10
NizhniyNovgorod,27459,2001,-7.55,-10.85,10
NizhniyNovgorod,27459,2002,-9.35,-10.68,10
NizhniyNovgorod,27459,2003,-12.66,-11.02,10
NizhniyNovgorod,27459,2004,-10.90,-11.23,10
NizhniyNovgorod,27459,2005,-7.76,-11.02,10
NizhniyNovgorod,27459,2006,-15.82,-11.12,10
NizhniyNovgorod,27459,2007,-5.20,-10.05,10
NizhniyNovgorod,27459,2008,-11.75,-10.17,10
NizhniyNovgorod,27459,2009,-10.67,-10.22,10
NizhniyNovgorod,27459,2010,-18.26,-10.99,10
Novosibirsk,29612,1903,-25.00,-25.00,1
Novosibirsk,29612,1904,-24.23,-24.62,2
Novosibirsk,29612,1905,-22.29,-23.84,3
Novosibirsk,29612,1906,-29.35,-25.22,4
Novosibirsk,29612,1907,-28.35,-25.84,5
Novosibirsk,29612,1908,-27.19,-26.07,6
Novosibirsk,29612,1910,-24.32,-25.82,7
Novosibirsk,29612,1913,-23.24,-25.57,7
Novosibirsk,29612,1915,-27.68,-26.69,6
Novosibirsk,29612,1916,-23.19,-25.66,6
Novosibirsk,29612,1917,-21.78,-24.57,6
Novosibirsk,29612,1918,-19.45,-23.28,6
Novosibirsk,29612,1919,-31.83,-24.50,7
Novosibirsk,29612,1925,-17.45,-22.74,5
Novosibirsk,29612,1926,-21.80,-22.46,5
Novosibirsk,29612,1927,-29.45,-24.00,5
Novosibirsk,29612,1928,-24.10,-24.93,5
Novosibirsk,29612,1929,-28.16,-24.19,5
Novosibirsk,29612,1930,-24.08,-24.18,6
Novosibirsk,29612,1931,-27.10,-24.59,7
Novosibirsk,29612,1932,-18.49,-23.83,8
Novosibirsk,29612,1933,-27.22,-24.21,9
Novosibirsk,29612,1934,-21.51,-23.94,10
Novosibirsk,29612,1935,-25.82,-24.77,10
Novosibirsk,29612,1936,-21.79,-24.77,10
Novosibirsk,29612,1937,-21.81,-24.01,10
Novosibirsk,29612,1938,-26.72,-24.27,10
Novosibirsk,29612,1939,-27.13,-24.17,10
Novosibirsk,29612,1940,-33.41,-25.10,10
Novosibirsk,29612,1941,-25.71,-24.96,10
Novosibirsk,29612,1942,-25.01,-25.61,10
Novosibirsk,29612,1943,-26.74,-25.57,10
Novosibirsk,29612,1944,-22.90,-25.70,10
Novosibirsk,29612,1945,-27.95,-25.92,10
Novosibirsk,29612,1946,-22.52,-25.99,10
Novosibirsk,29612,1947,-29.17,-26.73,10
Novosibirsk,29612,1948,-19.75,-26.03,10
Novosibirsk,29612,1949,-16.42,-24.96,10
Novosibirsk,29612,1950,-28.28,-24.45,10
Novosibirsk,29612,1951,-26.43,-24.52,10
Novosibirsk,29612,1952,-22.66,-24.28,10
Novosibirsk,29612,1953,-24.52,-24.06,10
Novosibirsk,29612,1954,-29.30,-24.70,10
Novosibirsk,29612,1955,-22.82,-24.19,10
Novosibirsk,29612,1956,-25.69,-24.50,10
Novosibirsk,29612,1957,-25.21,-24.11,10
Novosibirsk,29612,1958,-24.72,-24.61,10
Novosibirsk,29612,1959,-22.12,-25.18,10
Novosibirsk,29612,1960,-26.61,-25.01,10
Novosibirsk,29612,1961,-20.05,-24.37,10
Novosibirsk,29612,1962,-18.85,-23.99,10
Novosibirsk,29612,1963,-21.67,-23.70,10
Novosibirsk,29612,1964,-18.05,-22.58,10
Novosibirsk,29612,1965,-21.87,-22.49,10
Novosibirsk,29612,1966,-26.49,-22.57,10
Novosibirsk,29612,1967,-23.73,-22.42,10
Novosibirsk,29612,1968,-22.66,-22.21,10
Novosibirsk,29612,1969,-35.21,-23.52,10
Novosibirsk,29612,1970,-24.25,-23.28,10
Novosibirsk,29612,1971,-18.96,-23.17,10
Novosibirsk,29612,1972,-31.28,-24.42,10
Novosibirsk,29612,1973,-27.44,-24.99,10
Novosibirsk,29612,1974,-27.31,-25.92,10
Novosibirsk,29612,1975,-18.54,-25.59,10
Novosibirsk,29612,1976,-17.15,-24.65,10
Novosibirsk,29612,1977,-28.48,-25.13,10
Novosibirsk,29612,1978,-18.69,-24.73,10
Novosibirsk,29612,1979,-29.36,-24.15,10
Novosibirsk,29612,1980,-23.68,-24.09,10
Novosibirsk,29612,1981,-19.63,-24.16,10
Novosibirsk,29612,1982,-23.19,-23.35,10
Novosibirsk,29612,1983,-15.40,-22.14,10
Novosibirsk,29612,1984,-18.58,-21.27,10
Novosibirsk,29612,1985,-20.63,-21.48,10
Novosibirsk,29612,1986,-20.04,-21.77,10
Novosibirsk,29612,1987,-23.24,-21.24,10
Novosibirsk,29612,1988,-21.47,-21.52,10
Novosibirsk,29612,1989,-18.92,-20.48,10
Novosibirsk,29612,1990,-21.98,-20.31,10
Novosibirsk,29612,1991,-16.70,-20.02,10
Novosibirsk,29612,1992,-17.60,-19.46,10
Novosibirsk,29612,1993,-18.98,-19.82,10
Novosibirsk,29612,1994,-19.95,-19.95,10
Novosibirsk,29612,1995,-20.95,-19.98,10
Novosibirsk,29612,1996,-26.14,-20.59,10
Novosibirsk,29612,1997,-19.24,-20.19,10
Novosibirsk,29612,1998,-28.13,-20.86,10
Novosibirsk,29612,1999,-21.86,-21.15,10
Novosibirsk,29612,2000,-23.66,-21.32,10
Novosibirsk,29612,2001,-26.55,-22.31,10
Novosibirsk,29612,2002,-11.97,-21.74,10
Novosibirsk,29612,2003,-19.81,-21.82,10
Novosibirsk,29612,2004,-23.02,-22.13,10
Novosibirsk,29612,2005,-18.65,-21.90,10
Novosibirsk,29612,2006,-32.94,-22.58,10
Novosibirsk,29612,2007,-14.62,-22.12,10
Novosibirsk,29612,2008,-24.18,-21.73,10
Novosibirsk,29612,2009,-22.42,-21.78,10
Novosibirsk,29612,2010,-31.44,-22.56,10
Omsk,28698,1917,-20.00,-20.00,1
Omsk,28698,1918,-18.14,-19.07,2
Omsk,28698,1921,-21.08,-19.74,3
Omsk,28698,1922,-23.32,-20.64,4
Omsk,28698,1923,-21.23,-20.75,5
Omsk,28698,1925,-18.48,-20.37,6
Omsk,28698,1926,-19.98,-20.32,7
Omsk,28698,1928,-24.71,-21.47,6
Omsk,28698,1929,-26.55,-22.19,7
Omsk,28698,1930,-22.87,-22.28,8
Omsk,28698,1931,-25.25,-22.80,8
Omsk,28698,1932,-17.97,-22.13,8
Omsk,28698,1933,-27.16,-22.87,8
Omsk,28698,1934,-21.07,-22.67,9
Omsk,28698,1935,-24.55,-23.34,9
Omsk,28698,1936,-20.87,-23.44,9
Omsk,28698,1937,-20.98,-23.20,10
Omsk,28698,1938,-28.00,-23.53,10
Omsk,28698,1939,-25.48,-23.42,10
Omsk,28698,1940,-30.06,-24.14,10
Omsk,28698,1941,-26.04,-24.22,10
Omsk,28698,1942,-22.46,-24.67,10
Omsk,28698,1943,-27.38,-24.69,10
Omsk,28698,1944,-24.28,-25.01,10
Omsk,28698,1945,-28.08,-25.36,10
Omsk,28698,1946,-20.96,-25.37,10
Omsk,28698,1947,-25.39,-25.81,10
Omsk,28698,1948,-17.65,-24.78,10
Omsk,28698,1949,-15.53,-23.78,10
Omsk,28698,1950,-27.73,-23.55,10
Omsk,28698,1951,-24.34,-23.38,10
Omsk,28698,1952,-21.09,-23.24,10
Omsk,28698,1953,-23.94,-22.90,10
Omsk,28698,1954,-29.33,-23.40,10
Omsk,28698,1955,-19.69,-22.56,10
Omsk,28698,1956,-26.23,-23.09,10
Omsk,28698,1957,-24.65,-23.02,10
Omsk,28698,1958,-23.11,-23.56,10
Omsk,28698,1959,-19.72,-23.98,10
Omsk,28698,1960,-25.35,-23.74,10
Omsk,28698,1961,-19.75,-23.29,10
Omsk,28698,1962,-17.06,-22.88,10
Omsk,28698,1963,-20.47,-22.54,10
Omsk,28698,1964,-18.37,-21.44,10
Omsk,28698,1965,-19.75,-21.45,10
Omsk,28698,1966,-24.95,-21.32,10
Omsk,28698,1967,-22.13,-21.07,10
Omsk,28698,1968,-21.67,-20.92,10
Omsk,28698,1969,-33.64,-22.32,10
Omsk,28698,1970,-23.28,-22.11,10
Omsk,28698,1971,-18.52,-21.98,10
Omsk,28698,1972,-31.64,-23.44,10
Omsk,28698,1973,-28.30,-24.22,10
Omsk,28698,1974,-26.18,-25.01,10
Omsk,28698,1975,-17.90,-24.82,10
Omsk,28698,1976,-16.71,-24.00,10
Omsk,28698,1978,-18.15,-23.81,9
Omsk,28698,1979,-26.95,-23.07,9
Omsk,28698,1980,-23.70,-23.12,9
Omsk,28698,1981,-20.23,-23.31,9
Omsk,28698,1982,-22.70,-22.31,9
Omsk,28698,1983,-14.09,-20.74,9
Omsk,28698,1984,-16.57,-19.67,9
Omsk,28698,1985,-20.12,-19.91,9
Omsk,28698,1986,-20.10,-20.29,9
Omsk,28698,1987,-22.37,-20.50,10
Omsk,28698,1988,-20.50,-20.73,10
Omsk,28698,1989,-20.27,-20.07,10
Omsk,28698,1990,-20.67,-19.76,10
Omsk,28698,1991,-16.72,-19.41,10
Omsk,28698,1992,-15.74,-18.72,10
Omsk,28698,1993,-17.07,-19.01,10
Omsk,28698,1994,-19.21,-19.28,10
Omsk,28698,1995,-20.16,-19.28,10
Omsk,28698,1996,-24.35,-19.71,10
Omsk,28698,1997,-21.17,-19.59,10
Omsk,28698,1998,-27.82,-20.32,10
Omsk,28698,1999,-20.08,-20.30,10
Omsk,28698,2000,-20.77,-20.31,10
Omsk,28698,2001,-24.61,-21.10,10
Omsk,28698,2002,-12.07,-20.73,10
Omsk,28698,2003,-18.70,-20.89,10
Omsk,28698,2004,-21.22,-21.09,10
Omsk,28698,2005,-18.50,-20.93,10
Omsk,28698,2006,-31.02,-21.60,10
Omsk,28698,2007,-13.30,-20.81,10
Omsk,28698,2008,-23.89,-20.42,10
Omsk,28698,2009,-21.37,-20.55,10
Omsk,28698,2010,-28.97,-21.36,10
Perm,28224,1890,-17.31,-17.31,1
Perm,28224,1891,-23.85,-20.58,2
Perm,28224,1892,-19.26,-20.14,3
Perm,28224,1893,-24.30,-21.18,4
Perm,28224,1894,-17.60,-20.46,5
Perm,28224,1895,-18.04,-20.06,6
Perm,28224,1896,-23.20,-20.51,7
Perm,28224,1897,-16.11,-19.96,8
Perm,28224,1898,-16.51,-19.57,9
Perm,28224,1899,-13.17,-18.93,10
Perm,28224,1900,-21.98,-19.40,10
Perm,28224,1901,-21.36,-19.15,10
Perm,28224,1902,-21.19,-19.35,10
Perm,28224,1903,-18.82,-18.80,10
Perm,28224,1904,-17.04,-18.74,10
Perm,28224,1905,-20.79,-19.02,10
Perm,28224,1906,-18.97,-18.59,10
Perm,28224,1907,-22.23,-19.21,10
Perm,28224,1908,-23.00,-19.86,10
Perm,28224,1909,-18.00,-20.34,10
Perm,28224,1910,-15.02,-19.64,10
Perm,28224,1911,-21.98,-19.70,10
Perm,28224,1912,-21.71,-19.76,10
Perm,28224,1913,-18.25,-19.70,10
Perm,28224,1914,-18.34,-19.83,10
Perm,28224,1915,-15.30,-19.28,10
Perm,28224,1916,-17.29,-19.11,10
Perm,28224,1917,-16.58,-18.55,10
Perm,28224,1918,-17.02,-17.95,10
Perm,28224,1919,-24.25,-18.57,10
Perm,28224,1920,-17.85,-18.86,10
Perm,28224,1921,-17.11,-18.37,10
Perm,28224,1922,-18.36,-18.04,10
Perm,28224,1923,-15.15,-17.73,10
Perm,28224,1924,-18.76,-17.77,10
Perm,28224,1925,-15.49,-17.79,10
Perm,28224,1926,-17.01,-17.76,10
Perm,28224,1927,-24.16,-18.52,10
Perm,28224,1928,-15.49,-18.36,10
Perm,28224,1929,-24.39,-18.38,10
Perm,28224,1930,-15.01,-18.09,10
Perm,28224,1931,-17.50,-18.13,10
Perm,28224,1932,-13.16,-17.61,10
Perm,28224,1933,-19.30,-18.03,10
Perm,28224,1934,-13.58,-17.51,10
Perm,28224,1935,-17.25,-17.68,10
Perm,28224,1936,-14.43,-17.43,10
Perm,28224,1937,-16.37,-16.65,10
Perm,28224,1938,-15.85,-16.68,10
Perm,28224,1939,-20.62,-16.31,10
Perm,28224,1940,-28.14,-17.62,10
Perm,28224,1941,-20.58,-17.93,10
Perm,28224,1942,-25.86,-19.20,10
Perm,28224,1943,-24.55,-19.72,10
Perm,28224,1944,-10.58,-19.42,10
Perm,28224,1945,-19.10,-19.61,10
Perm,28224,1946,-16.34,-19.80,10
Perm,28224,1947,-19.08,-20.07,10
Perm,28224,1948,-16.23,-20.11,10
Perm,28224,1949,-8.93,-18.94,10
Perm,28224,1950,-26.38,-18.76,10
Perm,28224,1951,-18.83,-18.59,10
Perm,28224,1952,-15.46,-17.55,10
Perm,28224,1953,-17.92,-16.89,10
Perm,28224,1954,-22.55,-18.08,10
Perm,28224,1955,-13.25,-17.50,10
Perm,28224,1956,-20.04,-17.87,10
Perm,28224,1957,-18.62,-17.82,10
Perm,28224,1958,-13.21,-17.52,10
Perm,28224,1959,-11.06,-17.73,10
Perm,28224,1960,-19.09,-17.00,10
Perm,28224,1961,-15.01,-16.62,10
Perm,28224,1962,-13.55,-16.43,10
Perm,28224,1963,-21.92,-16.83,10
Perm,28224,1964,-18.39,-16.42,10
Perm,28224,1965,-18.49,-16.94,10
Perm,28224,1966,-20.68,-17.00,10
Perm,28224,1967,-21.47,-17.29,10
Perm,28224,1968,-18.78,-17.84,10
Perm,28224,1969,-29.43,-19.68,10
Perm,28224,1970,-21.31,-19.90,10
Perm,28224,1971,-14.12,-19.81,10
Perm,28224,1972,-28.48,-21.31,10
Perm,28224,1973,-22.84,-21.40,10
Perm,28224,1974,-22.91,-21.85,10
Perm,28224,1975,-11.82,-21.18,10
Perm,28224,1976,-16.74,-20.79,10
Perm,28224,1977,-20.56,-20.70,10
Perm,28224,1978,-12.82,-20.10,10
Perm,28224,1979,-21.40,-19.30,10
Perm,28224,1980,-20.10,-19.18,10
Perm,28224,1981,-11.52,-18.92,10
Perm,28224,1982,-20.73,-18.14,10
Perm,28224,1983,-10.91,-16.95,10
Perm,28224,1984,-12.08,-15.87,10
Perm,28224,1985,-17.20,-16.41,10
Perm,28224,1986,-16.65,-16.40,10
Perm,28224,1987,-23.25,-16.67,10
Perm,28224,1988,-20.68,-17.45,10
Perm,28224,1989,-20.18,-17.33,10
Perm,28224,1990,-16.85,-17.00,10
Perm,28224,1991,-17.41,-17.59,10
Perm,28224,1992,-17.93,-17.31,10
Perm,28224,1993,-12.05,-17.43,10
Perm,28224,1994,-13.13,-17.53,10
Perm,28224,1995,-14.45,-17.26,10
Perm,28224,1996,-17.65,-17.36,10
Perm,28224,1997,-22.95,-17.33,10
Perm,28224,1998,-13.54,-16.62,10
Perm,28224,1999,-19.05,-16.50,10
Perm,28224,2000,-14.20,-16.24,10
Perm,28224,2001,-14.01,-15.90,10
Perm,28224,2002,-13.89,-15.49,10
Perm,28224,2003,-16.62,-15.95,10
Perm,28224,2004,-12.35,-15.87,10
Perm,28224,2005,-12.33,-15.66,10
Perm,28224,2006,-23.41,-16.24,10
Perm,28224,2007,-7.66,-14.71,10
Perm,28224,2008,-14.71,-14.82,10
Perm,28224,2009,-15.45,-14.46,10
Perm,28224,2010,-22.95,-15.34,10
SaintPetersburg,26063,1881,-15.14,-15.14,1
SaintPetersburg,26063,1882,-4.29,-9.71,2
SaintPetersburg,26063,1883,-17.54,-12.32,3
SaintPetersburg,26063,1884,-10.75,-11.93,4
SaintPetersburg,26063,1885,-10.51,-11.65,5
SaintPetersburg,26063,1886,-12.79,-11.84,6
SaintPetersburg,26063,1887,-6.85,-11.12,7
SaintPetersburg,26063,1888,-15.66,-11.69,8
SaintPetersburg,26063,1889,-10.54,-11.56,9
SaintPetersburg,26063,1890,-7.77,-11.19,10
SaintPetersburg,26063,1891,-11.42,-10.81,10
SaintPetersburg,26063,1892,-14.42,-11.83,10
SaintPetersburg,26063,1893,-18.91,-11.96,10
SaintPetersburg,26063,1894,-6.12,-11.50,10
SaintPetersburg,26063,1895,-11.29,-11.58,10
SaintPetersburg,26063,1896,-11.00,-11.40,10
SaintPetersburg,26063,1897,-13.23,-12.04,10
SaintPetersburg,26063,1898,-6.58,-11.13,10
SaintPetersburg,26063,1899,-10.25,-11.10,10
SaintPetersburg,26063,1900,-11.22,-11.44,10
SaintPetersburg,26063,1901,-5.61,-10.86,10
SaintPetersburg,26063,1902,-14.03,-10.82,10
SaintPetersburg,26063,1903,-10.56,-9.99,10
SaintPetersburg,26063,1904,-5.01,-9.88,10
SaintPetersburg,26063,1905,-12.26,-9.98,10
SaintPetersburg,26063,1906,-7.79,-9.65,10
SaintPetersburg,26063,1907,-15.78,-9.91,10
SaintPetersburg,26063,1908,-11.10,-10.36,10
SaintPetersburg,26063,1909,-6.57,-9.99,10
SaintPetersburg,26063,1910,-8.45,-9.72,10
SaintPetersburg,26063,1911,-9.84,-10.14,10
SaintPetersburg,26063,1912,-15.75,-10.31,10
SaintPetersburg,26063,1914,-12.72,-11.14,9
SaintPetersburg,26063,1915,-10.90,-10.99,9
SaintPetersburg,26063,1916,-7.52,-10.96,9
SaintPetersburg,26063,1917,-15.18,-10.89,9
SaintPetersburg,26063,1918,-14.58,-11.28,9
SaintPetersburg,26063,1919,-7.48,-11.38,9
SaintPetersburg,26063,1920,-12.47,-11.83,9
SaintPetersburg,26063,1921,-10.67,-11.92,9
SaintPetersburg,26063,1922,-12.37,-11.54,9
SaintPetersburg,26063,1923,-5.78,-10.97,10
SaintPetersburg,26063,1924,-12.90,-10.99,10
SaintPetersburg,26063,1925,-1.99,-10.10,10
SaintPetersburg,26063,1926,-15.89,-10.93,10
SaintPetersburg,26063,1927,-12.82,-10.70,10
SaintPetersburg,26063,1928,-8.73,-10.11,10
SaintPetersburg,26063,1929,-13.93,-10.76,10
SaintPetersburg,26063,1930,-2.20,-9.73,10
SaintPetersburg,26063,1931,-10.40,-9.70,10
SaintPetersburg,26063,1932,-4.85,-8.95,10
SaintPetersburg,26063,1933,-10.67,-9.44,10
SaintPetersburg,26063,1934,-5.22,-8.67,10
SaintPetersburg,26063,1935,-11.85,-9.66,10
SaintPetersburg,26063,1936,-6.65,-8.73,10
SaintPetersburg,26063,1937,-9.55,-8.40,10
SaintPetersburg,26063,1938,-9.21,-8.45,10
SaintPetersburg,26063,1939,-10.26,-8.09,10
SaintPetersburg,26063,1940,-18.44,-9.71,10
SaintPetersburg,26063,1941,-18.10,-10.48,10
SaintPetersburg,26063,1942,-22.39,-12.23,10
SaintPetersburg,26063,1943,-14.65,-12.63,10
SaintPetersburg,26063,1944,-5.59,-12.67,10
SaintPetersburg,26063,1945,-9.13,-12.40,10
SaintPetersburg,26063,1946,-9.19,-12.65,10
SaintPetersburg,26063,1947,-11.27,-12.82,10
SaintPetersburg,26063,1948,-10.35,-12.94,10
SaintPetersburg,26063,1949,-4.78,-12.39,10
SaintPetersburg,26063,1950,-17.22,-12.27,10
SaintPetersburg,26063,1951,-11.77,-11.63,10
SaintPetersburg,26063,1952,-4.61,-9.86,10
SaintPetersburg,26063,1953,-10.00,-9.39,10
SaintPetersburg,26063,1954,-12.19,-10.05,10
SaintPetersburg,26063,1955,-9.83,-10.12,10
SaintPetersburg,26063,1957,-5.60,-9.60,9
SaintPetersburg,26063,1958,-10.28,-9.59,9
SaintPetersburg,26063,1959,-7.05,-9.84,9
SaintPetersburg,26063,1960,-12.95,-9.37,9
SaintPetersburg,26063,1961,-5.91,-8.72,9
SaintPetersburg,26063,1962,-5.85,-8.85,9
SaintPetersburg,26063,1963,-17.13,-9.64,9
SaintPetersburg,26063,1964,-6.74,-9.04,9
SaintPetersburg,26063,1965,-7.79,-8.81,9
SaintPetersburg,26063,1966,-18.47,-9.78,10
SaintPetersburg,26063,1967,-16.57,-10.88,10
SaintPetersburg,26063,1968,-19.65,-11.81,10
SaintPetersburg,26063,1969,-15.07,-12.61,10
SaintPetersburg,26063,1970,-12.79,-12.60,10
SaintPetersburg,26063,1971,-4.85,-12.49,10
SaintPetersburg,26063,1972,-14.05,-13.31,10
SaintPetersburg,26063,1973,-7.75,-12.37,10
SaintPetersburg,26063,1974,-9.99,-12.70,10
SaintPetersburg,26063,1975,-4.00,-12.32,10
SaintPetersburg,26063,1976,-14.44,-11.92,10
SaintPetersburg,26063,1977,-9.46,-11.21,10
SaintPetersburg,26063,1978,-10.21,-10.26,10
SaintPetersburg,26063,1979,-11.86,-9.94,10
SaintPetersburg,26063,1980,-11.49,-9.81,10
SaintPetersburg,26063,1981,-6.86,-10.01,10
SaintPetersburg,26063,1982,-14.31,-10.04,10
SaintPetersburg,26063,1983,-4.53,-9.72,10
SaintPetersburg,26063,1984,-5.48,-9.26,10
SaintPetersburg,26063,1985,-17.59,-10.62,10
SaintPetersburg,26063,1986,-9.02,-10.08,10
SaintPetersburg,26063,1987,-21.03,-11.24,10
SaintPetersburg,26063,1988,-6.70,-10.89,10
SaintPetersburg,26063,1989,-3.23,-10.02,10
SaintPetersburg,26063,1990,-8.54,-9.73,10
SaintPetersburg,26063,1991,-7.49,-9.79,10
SaintPetersburg,26063,1992,-5.97,-8.96,10
SaintPetersburg,26063,1993,-4.63,-8.97,10
SaintPetersburg,26063,1994,-5.59,-8.98,10
SaintPetersburg,26063,1995,-6.67,-7.89,10
SaintPetersburg,26063,1996,-9.29,-7.91,10
SaintPetersburg,26063,1997,-9.11,-6.72,10
SaintPetersburg,26063,1998,-3.44,-6.40,10
SaintPetersburg,26063,1999,-9.78,-7.05,10
SaintPetersburg,26063,2000,-6.51,-6.85,10
SaintPetersburg,26063,2001,-3.97,-6.50,10
SaintPetersburg,26063,2002,-7.53,-6.65,10
SaintPetersburg,26063,2003,-12.82,-7.47,10
SaintPetersburg,26063,2004,-10.88,-8.00,10
SaintPetersburg,26063,2005,-3.39,-7.67,10
SaintPetersburg,26063,2006,-8.00,-7.54,10
SaintPetersburg,26063,2007,-4.27,-7.06,10
SaintPetersburg,26063,2008,-3.17,-7.03,10
SaintPetersburg,26063,2009,-5.42,-6.59,10
SaintPetersburg,26063,2010,-14.65,-7.41,10
Samara,27995,1904,-19.29,-19.29,1
Samara,27995,1905,-19.58,-19.43,2
Samara,27995,1906,-17.95,-18.94,3
Samara,27995,1907,-19.16,-18.99,4
Samara,27995,1908,-20.61,-19.32,5
Samara,27995,1909,-20.76,-19.56,6
Samara,27995,1910,-13.44,-18.68,7
Samara,27995,1911,-21.74,-19.07,8
Samara,27995,1912,-17.85,-18.93,9
Samara,27995,1913,-12.97,-18.33,10
Samara,27995,1914,-15.00,-17.91,10
Samara,27995,1915,-11.19,-17.07,10
Samara,27995,1916,-13.88,-16.66,10
Samara,27995,1917,-16.39,-16.38,10
Samara,27995,1918,-15.02,-15.82,10
Samara,27995,1919,-21.36,-15.88,10
Samara,27995,1920,-13.66,-15.91,10
Samara,27995,1921,-15.67,-15.30,10
Samara,27995,1922,-16.83,-15.20,10
Samara,27995,1923,-19.18,-15.82,10
Samara,27995,1924,-15.69,-15.89,10
Samara,27995,1925,-13.35,-16.10,10
Samara,27995,1926,-13.74,-16.09,10
Samara,27995,1927,-21.88,-16.64,10
Samara,27995,1928,-16.51,-16.79,10
Samara,27995,1929,-20.44,-16.69,10
Samara,27995,1930,-13.30,-16.66,10
Samara,27995,1931,-22.09,-17.30,10
Samara,27995,1932,-9.99,-16.62,10
Samara,27995,1933,-20.90,-16.79,10
Samara,27995,1934,-21.85,-17.41,10
Samara,27995,1935,-20.01,-18.07,10
Samara,27995,1936,-14.34,-18.13,10
Samara,27995,1937,-19.60,-17.90,10
Samara,27995,1938,-15.60,-17.81,10
Samara,27995,1939,-20.38,-17.81,10
Samara,27995,1940,-28.23,-19.30,10
Samara,27995,1941,-20.20,-19.11,10
Samara,27995,1942,-26.00,-20.71,10
Samara,27995,1943,-23.55,-20.98,10
Samara,27995,1944,-10.03,-19.79,10
Samara,27995,1945,-19.67,-19.76,10
Samara,27995,1946,-15.48,-19.87,10
Samara,27995,1948,-12.19,-19.53,9
Samara,27995,1949,-11.53,-18.54,9
Samara,27995,1950,-24.84,-18.17,9
Samara,27995,1951,-21.89,-18.35,9
Samara,27995,1952,-15.38,-17.17,9
Samara,27995,1953,-18.66,-16.63,9
Samara,27995,1954,-24.77,-18.27,9
Samara,27995,1955,-12.43,-17.46,9
Samara,27995,1956,-18.53,-17.80,9
Samara,27995,1957,-17.74,-17.80,10
Samara,27995,1958,-13.62,-17.94,10
Samara,27995,1959,-13.59,-18.14,10
Samara,27995,1960,-14.22,-17.08,10
Samara,27995,1961,-15.05,-16.40,10
Samara,27995,1962,-13.44,-16.20,10
Samara,27995,1963,-21.43,-16.48,10
Samara,27995,1964,-17.00,-15.71,10
Samara,27995,1965,-17.22,-16.18,10
Samara,27995,1966,-15.09,-15.84,10
Samara,27995,1967,-19.94,-16.06,10
Samara,27995,1968,-18.79,-16.58,10
Samara,27995,1969,-26.54,-17.87,10
Samara,27995,1970,-18.64,-18.31,10
Samara,27995,1971,-9.73,-17.78,10
Samara,27995,1972,-26.44,-19.08,10
Samara,27995,1973,-19.22,-18.86,10
Samara,27995,1974,-19.42,-19.10,10
Samara,27995,1975,-11.27,-18.51,10
Samara,27995,1976,-17.24,-18.72,10
Samara,27995,1977,-22.88,-19.02,10
Samara,27995,1978,-12.11,-18.35,10
Samara,27995,1979,-19.44,-17.64,10
Samara,27995,1980,-18.53,-17.63,10
Samara,27995,1981,-13.02,-17.96,10
Samara,27995,1982,-14.96,-16.81,10
Samara,27995,1983,-8.51,-15.74,10
Samara,27995,1984,-14.40,-15.24,10
Samara,27995,1985,-16.22,-15.73,10
Samara,27995,1986,-15.11,-15.52,10
Samara,27995,1987,-23.19,-15.55,10
Samara,27995,1988,-17.39,-16.08,10
Samara,27995,1989,-14.10,-15.54,10
Samara,27995,1990,-13.69,-15.06,10
Samara,27995,1991,-12.17,-14.98,10
Samara,27995,1992,-13.47,-14.83,10
Samara,27995,1993,-11.83,-15.16,10
Samara,27995,1994,-12.93,-15.01,10
Samara,27995,1995,-15.69,-14.96,10
Samara,27995,1996,-20.70,-15.52,10
Samara,27995,1997,-19.97,-15.19,10
Samara,27995,1998,-14.46,-14.90,10
Samara,27995,1999,-11.13,-14.60,10
Samara,27995,2000,-11.33,-14.37,10
Samara,27995,2001,-8.13,-13.96,10
Samara,27995,2002,-10.37,-13.65,10
Samara,27995,2003,-14.35,-13.91,10
Samara,27995,2004,-11.50,-13.76,10
Samara,27995,2005,-11.79,-13.37,10
Samara,27995,2006,-20.67,-13.37,10
Samara,27995,2007,-3.96,-11.77,10
Samara,27995,2008,-17.12,-12.04,10
Samara,27995,2009,-15.46,-12.47,10
Samara,27995,2010,-22.27,-13.56,10
Samara,27995,2011,-15.19,-14.27,10
Saratov,34163,1884,-16.17,-16.17,1
Saratov,34163,1891,-23.90,-20.03,2
Saratov,34163,1892,-20.98,-20.35,3
Saratov,34163,1893,-25.41,-21.61,4
Saratov,34163,1894,-17.53,-21.95,4
Saratov,34163,1895,-13.93,-20.35,5
Saratov,34163,1896,-23.90,-20.94,6
Saratov,34163,1897,-19.47,-20.73,7
Saratov,34163,1898,-15.81,-20.12,8
Saratov,34163,1899,-10.11,-19.00,9
Saratov,34163,1900,-22.72,-19.38,10
Saratov,34163,1901,-14.96,-18.48,10
Saratov,34163,1902,-12.23,-17.61,10
Saratov,34163,1903,-13.17,-16.38,10
Saratov,34163,1904,-16.85,-16.32,10
Saratov,34163,1906,-14.02,-15.48,9
Saratov,34163,1907,-17.95,-15.31,9
Saratov,34163,1908,-19.57,-15.73,9
Saratov,34163,1909,-19.16,-16.74,9
Saratov,34163,1910,-13.15,-15.67,9
Saratov,34163,1911,-18.29,-16.04,9
Saratov,34163,1912,-16.18,-16.48,9
Saratov,34163,1913,-13.88,-16.56,9
Saratov,34163,1914,-15.39,-16.40,9
Saratov,34163,1915,-9.84,-15.74,10
Saratov,34163,1916,-12.99,-15.64,10
Saratov,34163,1917,-16.32,-15.48,10
Saratov,34163,1919,-17.86,-14.88,9
Saratov,34163,1920,-12.78,-14.84,9
Saratov,34163,1921,-15.81,-14.56,9
Saratov,34163,1922,-16.01,-14.54,9
Saratov,34163,1923,-17.09,-14.90,9
Saratov,34163,1924,-16.40,-15.01,9
Saratov,34163,1925,-12.51,-15.31,9
Saratov,34163,1926,-13.52,-15.37,9
Saratov,34163,1927,-20.40,-15.82,9
Saratov,34163,1928,-14.50,-15.69,10
Saratov,34163,1929,-18.03,-15.70,10
Saratov,34163,1930,-12.81,-15.71,10
Saratov,34163,1931,-19.99,-16.12,10
Saratov,34163,1932,-8.61,-15.38,10
Saratov,34163,1933,-20.14,-15.69,10
Saratov,34163,1934,-21.02,-16.15,10
Saratov,34163,1935,-19.40,-16.84,10
Saratov,34163,1936,-12.86,-16.77,10
Saratov,34163,1937,-17.16,-16.45,10
Saratov,34163,1938,-13.75,-16.38,10
Saratov,34163,1939,-18.37,-16.41,10
Saratov,34163,1940,-25.65,-17.70,10
Saratov,34163,1941,-19.83,-17.68,10
Saratov,34163,1942,-24.27,-19.25,10
Saratov,34163,1943,-22.38,-19.47,10
Saratov,34163,1945,-19.48,-19.31,9
Saratov,34163,1947,-19.10,-20.35,8
Saratov,34163,1949,-10.68,-20.20,7
Saratov,34163,1950,-22.94,-19.81,7
Saratov,34163,1951,-19.94,-19.83,7
Saratov,34163,1952,-13.00,-18.22,7
Saratov,34163,1953,-16.52,-17.38,7
Saratov,34163,1954,-23.25,-18.11,8
Saratov,34163,1955,-11.12,-17.07,8
Saratov,34163,1956,-15.63,-16.91,9
Saratov,34163,1957,-16.61,-16.63,9
Saratov,34163,1958,-12.74,-16.24,10
Saratov,34163,1959,-11.99,-16.37,10
Saratov,34163,1960,-12.99,-15.38,10
Saratov,34163,1961,-12.06,-14.59,10
Saratov,34163,1962,-11.63,-14.45,10
Saratov,34163,1963,-20.20,-14.82,10
Saratov,34163,1964,-15.48,-14.04,10
Saratov,34163,1965,-14.39,-14.37,10
Saratov,34163,1966,-13.20,-14.13,10
Saratov,34163,1967,-19.23,-14.39,10
Saratov,34163,1968,-17.45,-14.86,10
Saratov,34163,1969,-23.68,-16.03,10
Saratov,34163,1970,-16.47,-16.38,10
Saratov,34163,1971,-8.36,-16.01,10
Saratov,34163,1972,-23.76,-17.22,10
Saratov,34163,1973,-18.83,-17.08,10
Saratov,34163,1974,-17.07,-17.24,10
Saratov,34163,1975,-10.05,-16.81,10
Saratov,34163,1976,-16.19,-17.11,10
Saratov,34163,1977,-20.30,-17.22,10
Saratov,34163,1978,-11.11,-16.58,10
Saratov,34163,1979,-17.07,-15.92,10
Saratov,34163,1980,-19.18,-16.19,10
Saratov,34163,1981,-10.29,-16.39,10
Saratov,34163,1982,-12.31,-15.24,10
Saratov,34163,1983,-8.43,-14.20,10
Saratov,34163,1984,-10.87,-13.58,10
Saratov,34163,1985,-16.99,-14.27,10
Saratov,34163,1986,-11.91,-13.85,10
Saratov,34163,1987,-22.29,-14.04,10
Saratov,34163,1988,-13.73,-14.31,10
Saratov,34163,1989,-9.92,-13.59,10
Saratov,34163,1990,-11.51,-12.82,10
Saratov,34163,1991,-10.70,-12.87,10
Saratov,34163,1992,-11.02,-12.74,10
Saratov,34163,1993,-9.96,-12.89,10
Saratov,34163,1994,-9.73,-12.78,10
Saratov,34163,1995,-13.45,-12.42,10
Saratov,34163,1996,-20.01,-13.23,10
Saratov,34163,1997,-15.63,-12.57,10
Saratov,34163,1998,-13.62,-12.56,10
Saratov,34163,1999,-8.98,-12.46,10
Saratov,34163,2000,-10.99,-12.41,10
Saratov,34163,2001,-6.85,-12.02,10
Saratov,34163,2002,-9.77,-11.90,10
Saratov,34163,2003,-12.00,-12.10,10
Saratov,34163,2004,-10.02,-12.13,10
Saratov,34163,2005,-8.65,-11.65,10
Saratov,34163,2006,-17.57,-11.41,10
Saratov,34163,2007,-2.44,-10.09,10
Saratov,34163,2008,-15.24,-10.25,10
Saratov,34163,2009,-14.67,-10.82,10
Saratov,34163,2010,-20.58,-11.78,10
Saratov,34163,2011,-13.83,-12.48,10
Ufa,28722,1900,-23.15,-23.15,1
Ufa,28722,1901,-20.90,-22.03,2
Ufa,28722,1902,-16.80,-20.28,3
Ufa,28722,1903,-15.88,-19.18,4
Ufa,28722,1904,-17.13,-18.77,5
Ufa,28722,1905,-21.03,-19.15,6
Ufa,28722,1906,-17.76,-18.95,7
Ufa,28722,1907,-19.38,-19.01,8
Ufa,28722,1908,-21.99,-19.34,9
Ufa,28722,1909,-19.06,-19.31,10
Ufa,28722,1910,-12.67,-18.26,10
Ufa,28722,1911,-21.42,-18.31,10
Ufa,28722,1914,-15.95,-18.66,8
Ufa,28722,1917,-14.62,-17.62,6
Ufa,28722,1918,-15.90,-16.61,6
Ufa,28722,1919,-21.81,-17.06,6
Ufa,28722,1920,-15.40,-17.52,6
Ufa,28722,1922,-16.82,-16.75,6
Ufa,28722,1923,-16.52,-16.72,7
Ufa,28722,1924,-15.78,-16.69,7
Ufa,28722,1925,-13.62,-16.31,8
Ufa,28722,1926,-15.20,-16.19,9
Ufa,28722,1927,-21.17,-16.91,9
Ufa,28722,1928,-16.61,-16.99,9
Ufa,28722,1929,-19.64,-16.75,9
Ufa,28722,1931,-19.47,-17.20,9
Ufa,28722,1932,-12.69,-16.75,9
Ufa,28722,1933,-21.00,-17.24,9
Ufa,28722,1934,-17.51,-17.44,9
Ufa,28722,1935,-19.12,-18.05,9
Ufa,28722,1936,-13.99,-17.91,9
Ufa,28722,1937,-18.04,-17.56,9
Ufa,28722,1938,-14.85,-17.37,9
Ufa,28722,1939,-18.49,-17.24,9
Ufa,28722,1940,-22.58,-17.77,10
Ufa,28722,1941,-20.29,-17.86,10
Ufa,28722,1942,-24.40,-19.03,10
Ufa,28722,1943,-21.46,-19.07,10
Ufa,28722,1944,-10.20,-18.34,10
Ufa,28722,1945,-18.76,-18.31,10
Ufa,28722,1946,-16.06,-18.51,10
Ufa,28722,1947,-18.87,-18.60,10
Ufa,28722,1948,-12.63,-18.37,10
Ufa,28722,1949,-10.99,-17.62,10
Ufa,28722,1950,-26.01,-17.97,10
Ufa,28722,1951,-19.61,-17.90,10
Ufa,28722,1952,-16.18,-17.08,10
Ufa,28722,1953,-18.52,-16.78,10
Ufa,28722,1954,-22.74,-18.04,10
Ufa,28722,1955,-12.67,-17.43,10
Ufa,28722,1956,-19.15,-17.74,10
Ufa,28722,1957,-18.49,-17.70,10
Ufa,28722,1958,-14.95,-17.93,10
Ufa,28722,1959,-14.76,-18.31,10
Ufa,28722,1960,-15.60,-17.27,10
Ufa,28722,1961,-16.78,-16.98,10
Ufa,28722,1962,-14.22,-16.79,10
Ufa,28722,1963,-20.29,-16.97,10
Ufa,28722,1964,-19.16,-16.61,10
Ufa,28722,1965,-18.10,-17.15,10
Ufa,28722,1966,-18.24,-17.06,10
Ufa,28722,1967,-19.98,-17.21,10
Ufa,28722,1968,-20.22,-17.73,10
Ufa,28722,1969,-33.09,-19.57,10
Ufa,28722,1970,-21.39,-20.15,10
Ufa,28722,1971,-13.82,-19.85,10
Ufa,28722,1972,-30.56,-21.48,10
Ufa,28722,1973,-24.84,-21.94,10
Ufa,28722,1974,-25.18,-22.54,10
Ufa,28722,1975,-13.20,-22.05,10
Ufa,28722,1976,-16.84,-21.91,10
Ufa,28722,1977,-25.40,-22.45,10
Ufa,28722,1978,-14.71,-21.90,10
Ufa,28722,1979,-23.30,-20.92,10
Ufa,28722,1980,-22.16,-21.00,10
Ufa,28722,1981,-15.38,-21.16,10
Ufa,28722,1982,-18.49,-19.95,10
Ufa,28722,1983,-10.80,-18.55,10
Ufa,28722,1984,-16.85,-17.71,10
Ufa,28722,1985,-17.15,-18.11,10
Ufa,28722,1986,-17.63,-18.19,10
Ufa,28722,1987,-23.16,-17.96,10
Ufa,28722,1988,-20.59,-18.55,10
Ufa,28722,1989,-17.34,-17.96,10
Ufa,28722,1990,-17.43,-17.48,10
Ufa,28722,1991,-16.44,-17.59,10
Ufa,28722,1992,-14.73,-17.21,10
Ufa,28722,1993,-12.63,-17.40,10
Ufa,28722,1994,-15.45,-17.25,10
Ufa,28722,1995,-18.39,-17.38,10
Ufa,28722,1996,-23.49,-17.97,10
Ufa,28722,1997,-24.33,-18.08,10
Ufa,28722,1998,-17.44,-17.77,10
Ufa,28722,1999,-14.07,-17.44,10
Ufa,28722,2000,-12.44,-16.94,10
Ufa,28722,2001,-13.54,-16.65,10
Ufa,28722,2002,-12.03,-16.38,10
Ufa,28722,2003,-17.82,-16.90,10
Ufa,28722,2004,-13.74,-16.73,10
Ufa,28722,2005,-17.01,-16.59,10
Ufa,28722,2006,-24.01,-16.64,10
Ufa,28722,2007,-7.80,-14.99,10
Ufa,28722,2008,-18.52,-15.10,10
Ufa,28722,2009,-16.43,-15.33,10
Ufa,28722,2010,-24.55,-16.54,10
Volgograd,34561,1939,-13.54,-13.54,1
Volgograd,34561,1940,-19.73,-16.64,2
Volgograd,34561,1942,-19.13,-17.47,3
Volgograd,34561,1944,-6.49,-14.72,4
Volgograd,34561,1945,-16.05,-14.99,5
Volgograd,34561,1946,-11.70,-14.44,6
Volgograd,34561,1947,-17.07,-14.82,7
Volgograd,34561,1948,-5.81,-13.69,8
Volgograd,34561,1949,-9.18,-13.15,8
Volgograd,34561,1950,-22.52,-13.49,8
Volgograd,34561,1951,-14.74,-13.63,9
Volgograd,34561,1952,-9.46,-12.56,9
Volgograd,34561,1953,-12.21,-12.52,10
Volgograd,34561,1954,-18.28,-13.70,10
Volgograd,34561,1955,-8.21,-12.92,10
Volgograd,34561,1961,-9.24,-11.48,5
Volgograd,34561,1962,-7.39,-11.06,5
Volgograd,34561,1963,-12.35,-11.09,5
Volgograd,34561,1964,-13.23,-10.08,5
Volgograd,34561,1965,-11.43,-10.73,5
Volgograd,34561,1966,-12.42,-11.01,6
Volgograd,34561,1967,-12.65,-11.24,7
Volgograd,34561,1968,-11.64,-11.29,8
Volgograd,34561,1969,-19.00,-12.15,9
Volgograd,34561,1970,-12.44,-12.18,10
Volgograd,34561,1971,-5.53,-11.81,10
Volgograd,34561,1972,-19.55,-13.02,10
Volgograd,34561,1973,-16.85,-13.47,10
Volgograd,34561,1974,-13.25,-13.48,10
Volgograd,34561,1975,-6.11,-12.94,10
Volgograd,34561,1976,-10.00,-12.70,10
Volgograd,34561,1977,-17.18,-13.16,10
Volgograd,34561,1978,-8.80,-12.87,10
Volgograd,34561,1979,-12.36,-12.21,10
Volgograd,34561,1980,-16.03,-12.57,10
Volgograd,34561,1981,-6.98,-12.71,10
Volgograd,34561,1982,-8.79,-11.64,10
Volgograd,34561,1983,-6.24,-10.57,10
Volgograd,34561,1984,-5.50,-9.80,10
Volgograd,34561,1985,-10.91,-10.28,10
Volgograd,34561,1986,-5.75,-9.85,10
Volgograd,34561,1987,-15.68,-9.70,10
Volgograd,34561,1988,-10.73,-9.90,10
Volgograd,34561,1989,-7.08,-9.37,10
Volgograd,34561,1990,-7.65,-8.53,10
Volgograd,34561,1991,-6.88,-8.52,10
Volgograd,34561,1992,-7.04,-8.35,10
Volgograd,34561,1993,-5.83,-8.30,10
Volgograd,34561,1994,-4.49,-8.20,10
Volgograd,34561,1995,-7.48,-7.86,10
Volgograd,34561,1996,-14.58,-8.74,10
Volgograd,34561,1997,-13.01,-8.48,10
Volgograd,34561,1998,-10.16,-8.42,10
Volgograd,34561,1999,-5.09,-8.22,10
Volgograd,34561,2000,-6.80,-8.14,10
Volgograd,34561,2001,-4.08,-7.86,10
Volgograd,34561,2002,-7.26,-7.88,10
Volgograd,34561,2003,-7.11,-8.01,10
Volgograd,34561,2004,-5.89,-8.15,10
Volgograd,34561,2005,-4.62,-7.86,10
Volgograd,34561,2006,-15.74,-7.98,10
Volgograd,34561,2007,-0.24,-6.70,10
Volgograd,34561,2008,-12.74,-6.96,10
Volgograd,34561,2009,-10.59,-7.51,10
Volgograd,34561,2010,-11.73,-8.00,10
Voronezh,34123,1919,-13.87,-13.87,1
Voronezh,34123,1920,-10.80,-12.33,2
Voronezh,34123,1921,-11.85,-12.17,3
Voronezh,34123,1922,-11.23,-11.93,4
Voronezh,34123,1923,-10.21,-11.59,5
Voronezh,34123,1924,-16.17,-12.35,6
Voronezh,34123,1925,-7.64,-11.68,7
Voronezh,34123,1926,-11.66,-11.68,8
Voronezh,34123,1927,-17.97,-12.38,9
Voronezh,34123,1928,-12.79,-12.42,10
Voronezh,34123,1929,-14.75,-12.51,10
Voronezh,34123,1930,-9.13,-12.34,10
Voronezh,34123,1931,-14.28,-12.58,10
Voronezh,34123,1932,-5.48,-12.01,10
Voronezh,34123,1933,-16.25,-12.61,10
Voronezh,34123,1934,-15.10,-12.51,10
Voronezh,34123,1935,-14.98,-13.24,10
Voronezh,34123,1937,-14.81,-13.06,9
Voronezh,34123,1938,-10.73,-12.83,9
Voronezh,34123,1939,-12.52,-12.59,9
Voronezh,34123,1940,-21.44,-13.96,9
Voronezh,34123,1941,-15.78,-14.12,9
Voronezh,34123,1942,-22.69,-16.03,9
Voronezh,34123,1944,-5.53,-14.81,8
Voronezh,34123,1946,-11.46,-14.37,8
Voronezh,34123,1947,-15.47,-14.45,8
Voronezh,34123,1948,-8.55,-14.18,8
Voronezh,34123,1949,-8.36,-13.66,8
Voronezh,34123,1950,-21.09,-13.62,8
Voronezh,34123,1951,-15.60,-13.59,8
Voronezh,34123,1952,-6.11,-11.52,8
Voronezh,34123,1953,-11.45,-11.51,9
Voronezh,34123,1954,-20.28,-13.15,9
Voronezh,34123,1955,-7.60,-12.60,10
Voronezh,34123,1956,-13.51,-12.80,10
Voronezh,34123,1957,-12.10,-12.47,10
Voronezh,34123,1958,-10.68,-12.68,10
Voronezh,34123,1959,-7.19,-12.56,10
Voronezh,34123,1960,-9.82,-11.43,10
Voronezh,34123,1961,-8.63,-10.74,10
Voronezh,34123,1962,-9.03,-11.03,10
Voronezh,34123,1963,-19.85,-11.87,10
Voronezh,34123,1964,-13.25,-11.17,10
Voronezh,34123,1965,-12.21,-11.63,10
Voronezh,34123,1966,-7.48,-11.02,10
Voronezh,34123,1967,-18.19,-11.63,10
Voronezh,34123,1968,-17.13,-12.28,10
Voronezh,34123,1969,-18.17,-13.38,10
Voronezh,34123,1970,-11.67,-13.56,10
Voronezh,34123,1971,-6.25,-13.32,10
Voronezh,34123,1972,-18.61,-14.28,10
Voronezh,34123,1973,-14.77,-13.77,10
Voronezh,34123,1974,-15.32,-13.98,10
Voronezh,34123,1975,-6.86,-13.45,10
Voronezh,34123,1976,-14.32,-14.13,10
Voronezh,34123,1977,-16.23,-13.93,10
Voronezh,34123,1978,-11.93,-13.41,10
Voronezh,34123,1979,-13.87,-12.98,10
Voronezh,34123,1980,-16.03,-13.42,10
Voronezh,34123,1981,-7.16,-13.51,10
Voronezh,34123,1982,-8.71,-12.52,10
Voronezh,34123,1983,-6.09,-11.65,10
Voronezh,34123,1984,-6.46,-10.77,10
Voronezh,34123,1985,-12.19,-11.30,10
Voronezh,34123,1986,-8.64,-10.73,10
Voronezh,34123,1987,-21.30,-11.24,10
Voronezh,34123,1988,-11.08,-11.15,10
Voronezh,34123,1989,-5.08,-10.27,10
Voronezh,34123,1990,-7.11,-9.38,10
Voronezh,34123,1991,-6.88,-9.35,10
Voronezh,34123,1992,-7.01,-9.18,10
Voronezh,34123,1993,-6.65,-9.24,10
Voronezh,34123,1994,-4.99,-9.09,10
Voronezh,34123,1995,-9.54,-8.83,10
Voronezh,34123,1996,-16.03,-9.57,10
Voronezh,34123,1997,-11.38,-8.58,10
Voronezh,34123,1998,-9.21,-8.39,10
Voronezh,34123,1999,-5.26,-8.41,10
Voronezh,34123,2000,-8.68,-8.56,10
Voronezh,34123,2001,-4.81,-8.36,10
Voronezh,34123,2002,-8.60,-8.52,10
Voronezh,34123,2003,-8.53,-8.70,10
Voronezh,34123,2004,-5.64,-8.77,10
Voronezh,34123,2005,-3.82,-8.20,10
Voronezh,34123,2006,-13.99,-7.99,10
Voronezh,34123,2007,-1.33,-6.99,10
Voronezh,34123,2008,-11.24,-7.19,10
Voronezh,34123,2009,-8.22,-7.49,10
Voronezh,34123,2010,-18.25,-8.44,10
Yekaterinburg,28440,1881,-19.99,-19.99,1
Yekaterinburg,28440,1886,-14.85,-17.42,2
Yekaterinburg,28440,1888,-21.63,-18.82,3
Yekaterinburg,28440,1889,-20.79,-19.31,4
Yekaterinburg,28440,1890,-18.90,-19.23,5
Yekaterinburg,28440,1891,-21.85,-19.60,5
Yekaterinburg,28440,1892,-21.43,-19.91,6
Yekaterinburg,28440,1893,-26.79,-20.89,7
Yekaterinburg,28440,1894,-19.06,-20.66,8
Yekaterinburg,28440,1895,-19.87,-20.58,9
Yekaterinburg,28440,1896,-22.63,-21.44,9
Yekaterinburg,28440,1897,-18.23,-21.12,10
Yekaterinburg,28440,1898,-16.29,-20.59,10
Yekaterinburg,28440,1899,-15.24,-20.03,10
Yekaterinburg,28440,1900,-22.26,-20.37,10
Yekaterinburg,28440,1901,-22.43,-20.42,10
Yekaterinburg,28440,1902,-20.85,-20.37,10
Yekaterinburg,28440,1903,-20.07,-19.69,10
Yekaterinburg,28440,1904,-15.88,-19.38,10
Yekaterinburg,28440,1905,-20.16,-19.40,10
Yekaterinburg,28440,1906,-20.27,-19.17,10
Yekaterinburg,28440,1907,-24.67,-19.81,10
Yekaterinburg,28440,1908,-22.99,-20.48,10
Yekaterinburg,28440,1909,-19.38,-20.89,10
Yekaterinburg,28440,1910,-17.23,-20.39,10
Yekaterinburg,28440,1911,-19.48,-20.10,10
Yekaterinburg,28440,1912,-17.86,-19.80,10
Yekaterinburg,28440,1913,-18.86,-19.68,10
Yekaterinburg,28440,1914,-17.68,-19.86,10
Yekaterinburg,28440,1915,-18.90,-19.73,10
Yekaterinburg,28440,1916,-16.82,-19.39,10
Yekaterinburg,28440,1917,-16.64,-18.58,10
Yekaterinburg,28440,1918,-15.67,-17.85,10
Yekaterinburg,28440,1919,-22.55,-18.17,10
Yekaterinburg,28440,1920,-17.89,-18.24,10
Yekaterinburg,28440,1921,-16.92,-17.98,10
Yekaterinburg,28440,1922,-21.86,-18.38,10
Yekaterinburg,28440,1923,-15.23,-18.02,10
Yekaterinburg,28440,1924,-20.39,-18.29,10
Yekaterinburg,28440,1925,-14.94,-17.89,10
Yekaterinburg,28440,1926,-15.86,-17.79,10
Yekaterinburg,28440,1927,-23.38,-18.47,10
Yekaterinburg,28440,1928,-18.90,-18.79,10
Yekaterinburg,28440,1929,-21.73,-18.71,10
Yekaterinburg,28440,1930,-15.50,-18.47,10
Yekaterinburg,28440,1931,-18.35,-18.61,10
Yekaterinburg,28440,1932,-14.43,-17.87,10
Yekaterinburg,28440,1933,-21.65,-18.51,10
Yekaterinburg,28440,1934,-13.62,-17.84,10
Yekaterinburg,28440,1935,-17.09,-18.05,10
Yekaterinburg,28440,1936,-16.17,-18.08,10
Yekaterinburg,28440,1937,-16.66,-17.41,10
Yekaterinburg,28440,1939,-18.42,-16.88,9
Yekaterinburg,28440,1940,-25.75,-18.02,9
Yekaterinburg,28440,1941,-20.43,-18.25,9
Yekaterinburg,28440,1942,-23.39,-19.24,9
Yekaterinburg,28440,1943,-22.93,-19.38,9
Yekaterinburg,28440,1944,-12.39,-19.25,9
Yekaterinburg,28440,1945,-20.49,-19.63,9
Yekaterinburg,28440,1946,-15.97,-19.60,9
Yekaterinburg,28440,1947,-21.08,-20.09,9
Yekaterinburg,28440,1948,-14.74,-19.56,10
Yekaterinburg,28440,1949,-10.52,-18.77,10
Yekaterinburg,28440,1950,-25.56,-18.75,10
Yekaterinburg,28440,1951,-17.88,-18.49,10
Yekaterinburg,28440,1952,-15.11,-17.67,10
Yekaterinburg,28440,1953,-17.43,-17.12,10
Yekaterinburg,28440,1954,-22.13,-18.09,10
Yekaterinburg,28440,1955,-12.47,-17.29,10
Yekaterinburg,28440,1956,-20.45,-17.74,10
Yekaterinburg,28440,1957,-18.26,-17.45,10
Yekaterinburg,28440,1958,-14.64,-17.44,10
Yekaterinburg,28440,1959,-13.66,-17.76,10
Yekaterinburg,28440,1960,-19.03,-17.10,10
Yekaterinburg,28440,1961,-14.77,-16.79,10
Yekaterinburg,28440,1962,-12.14,-16.50,10
Yekaterinburg,28440,1963,-19.00,-16.65,10
Yekaterinburg,28440,1964,-18.73,-16.31,10
Yekaterinburg,28440,1965,-17.26,-16.79,10
Yekaterinburg,28440,1966,-19.25,-16.67,10
Yekaterinburg,28440,1967,-18.89,-16.74,10
Yekaterinburg,28440,1968,-19.12,-17.19,10
Yekaterinburg,28440,1969,-27.48,-18.57,10
Yekaterinburg,28440,1970,-19.86,-18.65,10
Yekaterinburg,28440,1971,-13.60,-18.53,10
Yekaterinburg,28440,1972,-27.70,-20.09,10
Yekaterinburg,28440,1973,-23.00,-20.49,10
Yekaterinburg,28440,1974,-22.51,-20.87,10
Yekaterinburg,28440,1975,-12.87,-20.43,10
Yekaterinburg,28440,1976,-15.69,-20.07,10
Yekaterinburg,28440,1978,-11.32,-19.34,9
Yekaterinburg,28440,1979,-20.12,-18.52,9
Yekaterinburg,28440,1980,-19.69,-18.50,9
Yekaterinburg,28440,1981,-12.87,-18.42,9
Yekaterinburg,28440,1982,-18.47,-17.39,9
Yekaterinburg,28440,1983,-11.35,-16.10,9
Yekaterinburg,28440,1984,-13.01,-15.04,9
Yekaterinburg,28440,1985,-15.79,-15.37,9
Yekaterinburg,28440,1986,-15.57,-15.35,9
Yekaterinburg,28440,1987,-21.83,-16.00,10
Yekaterinburg,28440,1988,-16.62,-16.53,10
Yekaterinburg,28440,1989,-18.27,-16.35,10
Yekaterinburg,28440,1990,-18.24,-16.20,10
Yekaterinburg,28440,1991,-15.73,-16.49,10
Yekaterinburg,28440,1992,-15.64,-16.20,10
Yekaterinburg,28440,1993,-11.60,-16.23,10
Yekaterinburg,28440,1994,-13.38,-16.27,10
Yekaterinburg,28440,1995,-13.96,-16.08,10
Yekaterinburg,28440,1996,-16.60,-16.19,10
Yekaterinburg,28440,1997,-21.00,-16.10,10
Yekaterinburg,28440,1998,-13.50,-15.79,10
Yekaterinburg,28440,1999,-15.80,-15.54,10
Yekaterinburg,28440,2000,-16.48,-15.37,10
Yekaterinburg,28440,2001,-15.34,-15.33,10
Yekaterinburg,28440,2002,-12.20,-14.99,10
Yekaterinburg,28440,2003,-14.72,-15.30,10
Yekaterinburg,28440,2004,-11.96,-15.16,10
Yekaterinburg,28440,2005,-14.16,-15.18,10
Yekaterinburg,28440,2006,-23.44,-15.86,10
Yekaterinburg,28440,2007,-7.30,-14.49,10
Yekaterinburg,28440,2008,-16.31,-14.77,10
Yekaterinburg,28440,2009,-15.21,-14.71,10
Yekaterinburg,28440,2010,-23.65,-15.43,10